,City,Cloudiness,Country,Date,Humidity,Lat,Lng,Max Temp,Wind Speed
0,hermanus,100,ZA,1578258000,75,-34.42,19.24,66.09,11.03
1,lebu,0,ET,1578258000,71,8.96,38.73,55.35,2.39
2,jamestown,89,AU,1578258000,87,-33.21,138.60,56.25,5.93
3,provideniya,100,RU,1578258000,82,64.42,-173.23,-10.43,9.08
4,arman,72,RU,1578258000,67,59.70,150.17,17.53,7.99
5,yulara,100,AU,1578258000,75,-25.24,130.99,66.60,17.29
6,ulkan,2,RU,1578258000,94,57.24,107.32,4.46,6.24
7,roma,0,IT,1578258000,56,41.89,12.48,42.67,8.39
8,kruisfontein,100,ZA,1578258000,83,-34.00,24.73,65.17,5.23
9,rikitea,67,PF,1578258000,78,-23.12,-134.97,76.03,15.41
10,hithadhoo,100,MV,1578258000,78,-0.60,73.08,81.48,11.25
11,gilbues,16,BR,1578258000,83,-9.83,-45.34,74.61,3.71
12,luga,79,RU,1578258000,78,58.74,29.85,27.21,3.71
13,bethel,85,US,1578258000,93,60.79,-161.76,-20.58,9.91
14,zaterechnyy,98,RU,1578258000,94,44.80,45.21,36.79,4.25
15,korsakovo,100,RU,1578258000,89,53.27,37.36,27.82,7.4
16,lakatoro,36,VU,1578258000,81,-16.11,167.42,81.18,16.96
17,cidreira,0,BR,1578258000,82,-30.17,-50.22,74.61,19.3
18,ancud,68,CL,1578258000,65,-41.87,-73.83,58.57,14.18
19,popondetta,100,PG,1578258000,92,-8.77,148.24,67.39,3.89
20,tasiilaq,100,GL,1578258000,93,65.61,-37.64,24.06,30.44
21,beloha,0,MG,1578258000,79,-25.17,45.06,73.90,14.29
22,acari,100,BR,1578258000,34,-6.44,-36.64,89.92,9.8
23,namibe,79,AO,1578258000,90,-15.19,12.15,73.89,11.88
24,atuona,0,PF,1578258000,67,-9.80,-139.03,80.56,4.74
25,mataura,87,NZ,1578258000,97,-46.19,168.86,45.77,14.14
26,barrow,100,AR,1578258000,76,-38.31,-60.23,73.53,3.74
27,hilo,56,US,1578258000,80,19.71,-155.08,75.85,11.63
28,grants,5,US,1578258000,33,35.15,-107.85,54.55,9.95
29,bredasdorp,100,ZA,1578258000,74,-34.53,20.04,64.53,4.03
30,ushuaia,99,AR,1578258000,88,-54.81,-68.31,43.50,5.77
31,praia,72,BR,1578258000,92,-20.25,-43.81,72.50,4.29
32,codrington,100,AU,1578258000,94,-28.95,153.24,71.73,1.32
33,jalu,0,LY,1578258000,48,29.03,21.55,50.79,12.62
34,tezu,73,IN,1578258000,94,27.93,96.16,48.65,2.57
35,faanui,37,PF,1578258000,75,-16.48,-151.75,81.57,9.42
36,kapaa,61,US,1578258000,78,22.08,-159.32,80.37,11.95
37,husavik,37,CA,1578258000,80,50.56,-96.99,26.35,12.82
38,geraldton,100,CA,1578258000,95,49.72,-86.95,20.62,8.28
39,okhotsk,0,RU,1578258000,76,59.36,143.24,3.43,12.03
40,bluff,0,AU,1578258000,77,-23.58,149.07,74.39,10.36
41,harper,0,US,1578258000,24,30.30,-99.24,74.34,12.86
42,vaini,0,IN,1578258000,79,15.34,74.49,66.11,6.89
43,honiara,71,SB,1578258000,82,-9.43,159.96,81.68,1.63
44,muswellbrook,100,AU,1578258000,73,-32.27,150.89,68.67,8.66
45,vanavara,100,RU,1578258000,94,60.35,102.28,11.68,8.68
46,matara,100,BI,1578258000,91,-3.48,29.48,57.96,1.5
47,maryborough,100,AU,1578258000,83,-25.54,152.70,75.29,3.56
48,carnarvon,24,ZA,1578258000,29,-30.97,22.13,66.76,10.56
49,bilma,93,NE,1578258000,29,18.69,12.92,54.57,5.93
50,serra,91,BR,1578258000,96,-20.13,-40.31,73.49,3.44
51,billings,91,US,1578258000,35,45.79,-108.50,40.21,13.09
52,yar-sale,0,RU,1578258000,84,66.83,70.83,15.31,17.47
53,baykit,100,RU,1578258000,96,61.68,96.39,9.34,4.05
54,tuktoyaktuk,0,CA,1578258000,98,69.44,-133.03,-23.39,4.18
55,constitucion,8,MX,1578258000,15,23.99,-104.67,67.95,2.68
56,adrar,0,DZ,1578258000,19,27.87,-0.29,51.31,13.6
57,avarua,100,CK,1578258000,82,-21.21,-159.78,80.71,6.15
58,tiksi,0,RU,1578258000,86,71.64,128.87,-14.80,11.92
59,tuban,100,ID,1578258000,88,-6.90,112.07,75.99,8.7
60,hobart,3,AU,1578258000,78,-42.88,147.33,53.80,13.35
61,salalah,73,OM,1578258000,79,17.01,54.10,73.76,1.79
62,jurm,97,AF,1578258000,54,36.86,70.83,18.82,2.93
63,severo-kurilsk,100,RU,1578258000,93,50.68,156.12,19.35,14.85
64,kingman,100,US,1578258000,30,35.19,-114.05,59.90,6.4
65,kaseda,0,JP,1578258000,82,31.42,130.32,46.71,4.45
66,albany,95,US,1578258000,68,42.65,-73.75,28.27,12.66
67,sertaozinho,27,BR,1578258000,90,-21.14,-47.99,80.15,4.29
68,omboue,100,GA,1578258000,87,-1.57,9.26,77.52,2.04
69,butaritari,100,KI,1578258000,76,3.07,172.79,85.28,15.26
70,castro,95,CL,1578258000,77,-42.48,-73.76,54.91,9.4
71,lompoc,100,US,1578258000,52,34.64,-120.46,66.29,22.64
72,airai,100,TL,1578258000,84,-8.93,125.41,69.42,5.26
73,kavieng,56,PG,1578258000,73,-2.57,150.80,84.27,7.54
74,guerande,41,FR,1578258000,92,48.47,-4.17,39.78,7.83
75,kondinskoye,99,RU,1578258000,95,59.65,67.41,18.10,9.15
76,khatanga,100,RU,1578258000,88,71.98,102.47,-8.95,6.8
77,kodiak,0,US,1578258000,49,39.95,-94.76,48.76,16.93
78,nacala,100,MZ,1578258000,93,-14.56,40.69,75.94,1.12
79,portland,0,US,1578258000,65,43.66,-70.25,33.89,28.5
80,mujiayingzi,100,CN,1578258000,90,42.12,118.78,24.19,2.24
81,shalakusha,7,RU,1578258000,91,62.23,40.26,13.96,6.06
82,chuy,0,UY,1578258000,63,-33.69,-53.46,75.31,13.76
83,labuhan,100,ID,1578258000,95,-2.54,115.51,72.39,2.39
84,salym,99,RU,1578258000,93,60.06,71.48,23.07,8.63
85,busselton,0,AU,1578258000,74,-33.64,115.35,59.11,9.35
86,nikolskoye,81,RU,1578258000,75,59.70,30.79,25.93,3.47
87,rudnyy,21,KZ,1578258000,95,52.96,63.12,22.48,9.1
88,hasaki,0,JP,1578258000,50,35.73,140.83,48.09,12.55
89,pevek,0,RU,1578258000,82,69.70,170.27,-6.29,5.59
90,victoria,87,BN,1578258000,79,5.28,115.24,80.94,11.95
91,torbay,100,CA,1578258000,98,47.66,-52.73,30.85,30.56
92,ulaangom,0,MN,1578258000,84,49.98,92.07,-15.00,2.08
93,hamilton,90,CA,1578258000,80,43.26,-79.87,32.99,5.95
94,labytnangi,0,RU,1578258000,84,66.66,66.39,15.33,17.25
95,saint-philippe,7,CA,1578258000,85,45.36,-73.48,21.15,6.98
96,petropavlovsk-kamchatskiy,100,RU,1578258000,91,53.05,158.65,25.88,15.73
97,udachnyy,67,RU,1578258000,95,66.42,112.40,-9.83,8.84
98,chokurdakh,84,RU,1578258000,99,70.62,147.90,-21.48,3.83
99,vynohradivka,100,UA,1578258000,88,50.01,27.94,30.07,11.92
100,muros,1,ES,1578258000,90,42.77,-9.06,41.50,1.9
101,qaanaaq,0,GL,1578258000,47,77.48,-69.36,-25.65,4.12
102,sitka,2,US,1578258000,32,37.17,-99.65,54.14,8.25
103,kibaya,100,RW,1578258000,92,-2.20,30.56,62.46,1.66
104,dikson,95,RU,1578258000,91,73.51,80.55,17.56,20.65
105,bushehr,0,IR,1578258000,62,28.97,50.84,59.68,10.58
106,altay,0,CN,1578258000,44,47.83,88.13,12.79,6.31
107,guaymas,64,MX,1578258000,32,27.92,-110.90,80.87,6.76
108,niquero,0,CU,1578258000,58,20.04,-77.58,83.50,9.28
109,fukue,4,JP,1578258000,71,35.03,136.69,35.92,3.91
110,saskylakh,0,RU,1578258000,94,71.97,114.09,-19.21,13.09
111,longyearbyen,66,NO,1578258000,61,78.22,15.63,-2.42,4.14
112,ketchikan,100,US,1578258000,83,55.34,-131.65,38.37,4.29
113,doka,0,SD,1578258000,34,13.52,35.76,68.56,11.03
114,zyryanskoye,98,RU,1578258000,93,56.83,86.62,20.34,7.87
115,sayyan,0,YE,1578258000,67,15.17,44.32,57.15,1.23
116,havelock,0,US,1578258000,51,34.88,-76.90,51.22,8.1
117,thompson,100,CA,1578258000,87,55.74,-97.86,7.57,9.75
118,wasilla,0,US,1578258000,78,61.58,-149.44,-5.21,1.45
119,nantucket,15,US,1578258000,61,41.28,-70.10,37.42,25.75
120,karratha,100,AU,1578258000,69,-20.74,116.85,84.25,10.11
121,acurenam,57,GA,1578258000,95,1.03,10.67,70.77,3.29
122,mitsamiouli,100,KM,1578258000,76,-11.38,43.28,82.71,6.62
123,fortuna,97,US,1578258000,87,40.60,-124.16,53.04,4.56
124,shingu,0,JP,1578258000,68,33.72,135.99,42.87,5.64
125,bundaberg,100,AU,1578258000,78,-24.87,152.35,79.09,10.98
126,sorong,100,ID,1578258000,98,-0.86,131.25,73.80,1.99
127,boyolangu,91,ID,1578258000,91,-8.09,111.90,74.79,1.68
128,pangody,17,RU,1578258000,92,65.85,74.49,13.28,13.58
129,oriximina,4,BR,1578258000,55,-1.77,-55.87,89.13,1.23
130,camalu,0,MX,1578258000,34,30.85,-116.07,71.11,6.13
131,tarko-sale,100,RU,1578258000,94,64.92,77.78,24.91,11.92
132,paternion,0,AT,1578258000,73,46.71,13.64,26.98,2.13
133,gunjur,0,GM,1578258000,62,13.18,-16.76,74.75,20.11
134,tombouctou,53,ML,1578258000,17,16.77,-3.01,64.22,9.98
135,iqaluit,100,CA,1578258000,89,63.75,-68.52,-19.64,5.53
136,klaksvik,100,FO,1578258000,92,62.23,-6.59,45.43,13.71
137,lyubim,79,RU,1578258000,96,58.36,40.69,25.02,4.97
138,atar,0,MR,1578258000,22,20.52,-13.05,56.75,8.41
139,renqiu,100,CN,1578258000,96,38.71,116.10,33.91,6.4
140,laguna,93,BZ,1578258000,64,16.17,-88.94,74.55,6.82
141,chara,99,GR,1578258000,84,39.42,22.43,37.85,0.83
142,buritizeiro,100,BR,1578258000,96,-17.37,-44.96,71.38,5.41
143,mandalgovi,0,MN,1578258000,94,45.76,106.27,4.14,10.56
144,olden,100,NO,1578258000,99,61.84,6.81,37.47,6.91
145,phalodi,34,IN,1578258000,36,27.13,72.36,63.64,5.3
146,esperance,33,AU,1578258000,58,-33.86,121.89,68.99,21.36
147,negotino,100,MK,1578258000,66,41.48,22.09,33.94,11.12
148,buique,100,BR,1578258000,64,-8.62,-37.16,77.79,2.24
149,pyaozerskiy,100,RU,1578258000,90,65.83,31.17,15.89,10.89
150,kathu,0,ZA,1578258000,14,-27.70,23.05,82.00,10.38
151,dabakala,18,CI,1578258000,25,8.36,-4.43,75.56,2.75
152,vostok,90,RU,1578258000,98,46.45,135.83,-5.44,3.24
153,luderitz,0,NA,1578258000,85,-26.65,15.16,63.55,24.99
154,fairbanks,91,US,1578258000,92,64.84,-147.72,-23.39,2.08
155,pangnirtung,100,CA,1578258000,89,66.15,-65.72,-33.95,1.83
156,hovd,100,NO,1578258000,99,63.83,10.70,39.72,19.62
157,burnie,0,AU,1578258000,78,-41.05,145.91,58.08,12.95
158,kenai,77,US,1578258000,96,60.55,-151.26,5.25,11.16
159,carutapera,100,BR,1578258000,80,-1.20,-46.02,81.72,16.42
160,oltu,0,TR,1578258000,71,40.55,42.00,19.18,6.46
161,dalen,87,IQ,1578258000,67,35.23,45.96,53.33,3.13
162,noyon,100,FR,1578258000,78,49.58,3.00,42.93,3.06
163,johi,41,PK,1578258000,56,26.69,67.61,56.71,5.86
164,paamiut,100,GL,1578258000,93,61.99,-49.67,19.17,11.92
165,mogok,67,MM,1578258000,99,22.92,96.51,57.24,1.81
166,dingle,63,PH,1578258000,95,11.00,122.67,72.93,10.02
167,lata,100,IN,1578258000,71,30.78,78.62,13.30,5.93
168,anadyr,0,RU,1578258000,76,64.73,177.51,-13.95,9.44
169,avera,0,US,1578258000,46,33.19,-82.53,57.65,8.72
170,montmagny,26,FR,1578258000,77,48.97,2.34,41.47,2.98
171,shitanjing,74,CN,1578258000,82,39.23,106.34,22.37,0.92
172,osa,96,RU,1578258000,97,57.28,55.46,21.07,4.68
173,yellowknife,49,CA,1578258000,94,62.45,-114.38,-14.17,6.58
174,barranca,29,PE,1578258000,87,-10.75,-77.76,71.28,10.27
175,albanel,0,CA,1578258000,87,48.88,-72.44,10.51,7.45
176,touros,52,BR,1578258000,79,-5.20,-35.46,83.64,18.79
177,kahului,10,US,1578258000,71,20.89,-156.47,77.50,24.92
178,vardo,36,US,1578258000,58,39.62,-77.74,37.24,11.25
179,gravdal,100,NO,1578258000,94,59.79,5.78,44.80,6.93
180,belmonte,0,PT,1578258000,80,40.36,-7.35,38.66,2.13
181,mugumu,100,TZ,1578258000,93,-1.84,34.67,63.18,3.13
182,talnakh,100,RU,1578258000,95,69.49,88.39,21.90,13.85
183,whitehorse,31,CA,1578258000,92,60.72,-135.06,-11.29,2.64
184,dillon,100,US,1578258000,85,45.22,-112.64,24.57,4.99
185,majalengka,39,ID,1578258000,93,-6.84,108.23,68.49,3.06
186,ravar,0,IR,1578258000,50,31.27,56.81,46.13,8.01
187,gazojak,3,TM,1578258000,67,41.19,61.40,28.67,8.68
188,asosa,0,ET,1578258000,42,10.07,34.53,68.16,5.88
189,toropets,98,RU,1578258000,91,56.50,31.64,27.39,4.41
190,carberry,0,CA,1578258000,78,49.87,-99.36,28.44,13.33
191,deming,0,US,1578258000,29,32.27,-107.76,62.28,5.21
192,dakar,0,SN,1578258000,63,14.69,-17.45,72.30,23.26
193,pedernales,61,EC,1578258000,77,0.07,-80.05,78.01,6.64
194,muhos,100,FI,1578258000,86,64.81,26.00,26.83,10.25
195,poya,0,NC,1578258000,73,-21.35,165.16,76.62,9.19
196,zyryanka,0,RU,1578258000,84,65.73,150.89,-8.52,3.11
197,price,10,US,1578258000,80,39.60,-110.81,36.37,3.87
198,margate,3,AU,1578258000,78,-43.03,147.26,53.80,13.35
199,faya,1,SA,1578258000,82,18.39,42.45,57.40,9.04
200,aripuana,51,BR,1578258000,71,-9.17,-60.63,83.14,2.8
201,livingston,0,US,1578258000,52,32.58,-88.19,60.93,5.48
202,ishigaki,83,JP,1578258000,78,24.34,124.16,70.52,18.05
203,salinopolis,100,BR,1578258000,78,-0.61,-47.36,81.30,13.69
204,viedma,76,AR,1578258000,62,-40.81,-62.99,67.30,21.85
205,rawson,42,AR,1578258000,60,-43.30,-65.11,64.76,22.15
206,huallanca,81,PE,1578258000,70,-9.90,-76.94,45.30,14.94
207,wanaka,99,NZ,1578258000,92,-44.70,169.14,54.48,7.83
208,dauphin,0,CA,1578258000,73,51.15,-100.04,27.55,14.23
209,pucallpa,47,PE,1578258000,39,-8.38,-74.54,93.94,6.02
210,skibbereen,100,IE,1578258000,85,51.55,-9.27,49.48,27.49
211,batagay,59,RU,1578258000,85,67.65,134.64,-21.06,1.97
212,berlevag,100,NO,1578258000,77,70.86,29.09,28.83,5.41
213,tchollire,0,CM,1578258000,25,8.40,14.17,71.20,1.72
214,sept-iles,43,CA,1578258000,66,50.20,-66.38,19.67,17.63
215,kaka,85,TM,1578258000,76,37.35,59.62,36.18,2.64
216,jalapa,22,GT,1578258000,61,14.63,-89.98,69.94,9.46
217,cianorte,0,BR,1578258000,81,-23.66,-52.61,83.26,2.01
218,baraboo,99,US,1578258000,81,43.47,-89.74,38.34,16.89
219,miechow,3,PL,1578258000,81,50.36,20.03,28.18,5.82
220,akureyri,80,IS,1578258000,82,65.68,-18.09,30.52,8.95
221,pisco,69,PE,1578258000,64,-13.71,-76.20,74.93,8.61
222,poltavka,52,RU,1578258000,92,54.36,71.76,14.41,10.09
223,kosa,0,JP,1578258000,63,32.67,130.82,40.53,1.03
224,nayoro,51,JP,1578258000,87,44.36,142.46,14.99,7.65
225,cherskiy,5,RU,1578258000,61,68.75,161.30,-7.71,5.35
226,georgetown,0,GY,1578258000,66,6.80,-58.16,83.30,8.93
227,tazovskiy,17,RU,1578258000,91,67.47,78.70,14.52,16.73
228,panguna,9,PG,1578258000,82,-6.32,155.48,76.05,1.45
229,narsaq,33,GL,1578258000,68,60.91,-46.05,13.66,8.3
230,upernavik,100,GL,1578258000,88,72.79,-56.15,-29.87,11.86
231,nshamba,78,TZ,1578258000,88,-1.80,31.55,69.49,2.48
232,hami,73,CN,1578258000,48,42.84,93.51,18.34,4.38
233,tuatapere,100,NZ,1578258000,97,-46.13,167.69,47.84,7.25
234,luba,39,PH,1578258000,81,17.32,120.70,67.23,6.53
235,mattru,42,SL,1578258000,75,7.62,-11.83,72.95,3.6
236,dunedin,39,NZ,1578258000,80,-45.87,170.50,51.26,35.21
237,dosso,88,NE,1578258000,24,13.05,3.19,70.07,9.95
238,nuuk,100,GL,1578258000,94,64.17,-51.74,16.86,24.85
239,saldanha,7,PT,1578258000,75,41.42,-6.55,38.03,0.6
240,ilulissat,100,GL,1578258000,93,69.22,-51.10,6.89,3.13
241,podgornoye,97,RU,1578258000,94,57.79,82.64,13.50,8.25
242,bubaque,5,GW,1578258000,57,11.28,-15.83,77.50,18.01
243,krasnogorsk,40,RU,1578258000,91,55.82,37.34,30.09,6.89
244,yerbogachen,100,RU,1578258000,92,61.28,108.01,5.65,10.6
245,launceston,1,AU,1578258000,71,-41.43,147.14,59.23,2.42
246,kibala,0,TD,1578258000,27,9.11,18.35,73.36,3.31
247,kieta,5,PG,1578258000,72,-6.22,155.63,82.26,3.89
248,mackenzie,67,CA,1578258000,77,55.34,-123.09,27.77,15.26
249,leirvik,100,NO,1578258000,97,59.78,5.50,45.23,11.72
250,kaitangata,80,NZ,1578258000,76,-46.28,169.85,48.94,38.32
251,dudinka,100,RU,1578258000,92,69.41,86.18,22.35,20.0
252,hassleholm,100,SE,1578258000,90,56.16,13.77,40.77,10.54
253,mbanza-ngungu,100,CD,1578258000,89,-5.25,14.87,71.46,0.83
254,ranong,27,TH,1578258000,82,9.96,98.62,77.32,6.73
255,mossendjo,42,CG,1578258000,93,-2.95,12.72,71.58,0.83
256,alberdi,1,AR,1578258000,27,-26.19,-58.14,100.44,9.48
257,jiaocheng,70,CN,1578258000,89,24.68,116.14,58.57,1.45
258,souillac,0,FR,1578258000,90,45.60,-0.60,39.00,7.78
259,mecca,0,SA,1578258000,55,21.43,39.83,59.47,6.87
260,sumbe,100,AO,1578258000,85,-11.20,13.84,77.56,4.14
261,usvyaty,41,RU,1578258000,87,55.75,30.75,27.12,5.03
262,opuwo,97,NA,1578258000,70,-18.06,13.84,68.99,8.95
263,ixtapa,0,MX,1578258000,23,20.71,-105.21,83.35,4.29
264,pedasi,26,PA,1578258000,72,7.53,-80.03,82.58,16.26
265,sainte-anne-des-monts,100,CA,1578258000,94,49.13,-66.49,11.53,6.29
266,daru,100,PG,1578258000,92,-9.07,143.21,75.87,6.89
267,aklavik,100,CA,1578258000,93,68.22,-135.01,-20.07,10.96
268,ianca,22,RO,1578258000,75,45.13,27.47,34.36,19.6
269,marzuq,0,YE,1578258000,71,14.40,46.47,63.23,3.06
270,wanning,0,AT,1578258000,89,48.64,13.53,29.39,1.45
271,komsomolskiy,87,RU,1578258000,94,67.55,63.78,9.59,15.82
272,northam,0,AU,1578258000,52,-31.65,116.67,60.21,4.52
273,guiratinga,64,BR,1578258000,66,-16.35,-53.76,81.66,1.19
274,cabra,0,ES,1578258000,87,37.47,-4.43,46.09,2.04
275,qaqortoq,36,GL,1578258000,70,60.72,-46.03,24.13,9.15
276,beringovskiy,89,RU,1578258000,79,63.05,179.32,-7.46,16.67
277,sangar,100,RU,1578258000,90,63.92,127.47,-7.46,11.95
278,vihari,100,PK,1578258000,54,30.03,72.35,57.38,5.53
279,yamada,0,JP,1578258000,79,36.58,137.08,31.26,3.44
280,ivanava,19,BY,1578258000,91,52.14,25.53,26.42,7.2
281,totness,0,US,1578258000,46,33.74,-80.80,56.12,7.52
282,hailey,93,US,1578258000,87,43.52,-114.32,28.56,3.56
283,solnechnyy,0,RU,1578258000,86,50.72,136.64,-2.00,2.57
284,palora,84,EC,1578258000,72,-1.70,-77.97,82.60,2.17
285,jorpeland,100,NO,1578258000,97,59.02,6.04,45.27,9.06
286,tartagal,1,AR,1578258000,24,-22.52,-63.80,97.34,7.54
287,pasni,25,PK,1578258000,75,25.26,63.48,68.16,4.76
288,copiapo,0,CL,1578258000,46,-27.37,-70.33,73.60,10.56
289,coihaique,65,CL,1578258000,79,-45.58,-72.07,52.81,10.18
290,boende,98,CD,1578258000,81,-0.28,20.88,71.28,2.73
291,xining,100,CN,1578258000,59,36.62,101.77,18.41,3.18
292,acapulco,80,MX,1578258000,63,16.86,-99.88,83.88,7.18
293,vangaindrano,15,MG,1578258000,96,-23.35,47.60,71.33,3.53
294,kloulklubed,42,PW,1578258000,81,7.04,134.26,81.95,23.24
295,lithgow,98,AU,1578258000,79,-33.48,150.16,63.95,9.37
296,micheweni,74,TZ,1578258000,75,-4.97,39.83,83.32,16.24
297,nishihara,8,JP,1578258000,32,35.74,139.53,41.40,3.58
298,sovetskiy,96,RU,1578258000,97,56.76,48.47,20.70,9.1
299,shipunovo,0,RU,1578258000,79,52.22,82.26,10.81,4.83
300,suileng,100,CN,1578258000,96,47.25,127.08,4.19,6.31
301,liyang,96,CN,1578258000,94,31.42,119.48,52.74,1.83
302,jatai,100,IN,1578258000,55,28.97,76.18,55.08,3.44
303,alofi,1,NU,1578258000,83,-19.06,-169.92,82.24,13.98
304,mansa,6,IN,1578258000,42,23.43,72.66,58.51,9.04
305,vallenar,0,CL,1578258000,56,-28.58,-70.76,69.69,11.77
306,trinidad,16,BO,1578258000,73,-14.83,-64.90,84.81,8.25
307,koszeg,0,HU,1578258000,78,47.39,16.54,30.49,7.76
308,suici,0,RO,1578258000,69,45.25,24.53,29.59,5.35
309,brae,100,GB,1578258000,96,60.40,-1.35,48.56,26.4
310,olinda,100,AU,1578258000,99,-37.84,145.39,53.82,2.01
311,nizwa,32,OM,1578258000,69,22.93,57.53,61.56,2.39
312,jatibonico,93,CU,1578258000,69,21.94,-79.17,70.48,15.86
313,doha,100,QA,1578258000,74,25.29,51.53,63.16,14.0
314,mweka,100,CD,1578258000,98,-4.85,21.56,68.41,0.38
315,taksimo,18,RU,1578258000,93,56.36,114.84,-8.28,1.86
316,vao,100,EE,1578258000,61,59.10,26.19,27.45,8.25
317,atakpame,13,TG,1578258000,24,7.53,1.13,76.93,2.17
318,boyabat,100,TR,1578258000,75,41.47,34.77,33.19,1.59
319,fenoarivo,29,MG,1578258000,95,-18.93,47.44,63.86,4.81
320,lorengau,94,PG,1578258000,72,-2.02,147.27,84.42,9.64
321,xiongzhou,100,CN,1578258000,98,32.34,118.83,51.85,3.67
322,nanortalik,0,GL,1578258000,70,60.14,-45.24,26.40,11.77
323,ridgecrest,100,US,1578258000,39,35.62,-117.67,56.68,2.57
324,katsuura,33,JP,1578258000,73,33.93,134.50,36.25,5.59
325,douentza,0,ML,1578258000,18,15.01,-2.95,60.75,5.44
326,tevriz,100,RU,1578258000,96,57.51,72.40,11.95,6.2
327,cabedelo,100,BR,1578258000,73,-6.97,-34.84,78.93,12.24
328,kyzyl-oktyabr,77,KG,1578258000,38,42.77,75.73,22.91,7.81
329,tailai,100,CN,1578258000,95,46.39,123.41,11.77,5.97
330,deputatskiy,34,RU,1578258000,82,69.30,139.90,-17.63,0.54
331,reconquista,25,AR,1578258000,16,-29.14,-59.64,97.81,5.48
332,ostrovnoy,68,RU,1578258000,92,68.05,39.51,14.47,20.92
333,meulaboh,0,ID,1578258000,81,4.14,96.13,80.40,6.78
334,kirakira,100,SB,1578258000,85,-10.46,161.92,80.55,7.85
335,linden,0,GY,1578258000,51,6.01,-58.31,82.11,4.32
336,srednekolymsk,10,RU,1578258000,78,67.46,153.71,-9.17,1.77
337,arona,0,IT,1578258000,68,45.76,8.56,35.92,2.04
338,merauke,100,ID,1578258000,97,-8.49,140.40,73.53,6.78
339,nabire,81,ID,1578258000,96,-3.36,135.50,71.80,1.79
340,oranjemund,0,ZA,1578258000,91,-28.55,16.43,62.89,12.39
341,madona,100,LV,1578258000,75,56.85,26.22,27.41,5.59
342,enderby,95,CA,1578258000,78,50.55,-119.14,41.34,3.96
343,tera,98,CY,1578258000,81,34.97,32.42,50.23,6.04
344,lavrentiya,19,RU,1578258000,87,65.58,-170.99,-12.98,8.32
345,tucumcari,0,US,1578258000,26,35.17,-103.73,52.81,4.56
346,svetlaya,0,RU,1578258000,54,46.54,138.33,20.79,15.75
347,namatanai,88,PG,1578258000,76,-3.66,152.44,82.56,5.79
348,mogadouro,7,PT,1578258000,75,41.34,-6.71,38.03,0.6
349,neepawa,0,CA,1578258000,78,50.23,-99.46,28.44,13.33
350,amapa,100,HN,1578258000,95,15.09,-87.97,67.71,3.65
351,egvekinot,55,RU,1578258000,82,66.32,-179.17,-11.54,10.6
352,naryan-mar,88,RU,1578258000,90,67.67,53.09,16.77,17.29
353,hambantota,13,LK,1578258000,80,6.12,81.12,79.54,20.83
354,bassila,0,BJ,1578258000,31,9.00,1.66,76.28,2.21
355,karoi,95,ZW,1578258000,92,-16.82,29.68,67.78,6.93
356,nouakchott,0,MR,1578258000,32,18.08,-15.98,69.30,13.22
357,atherton,53,AU,1578258000,93,-17.27,145.48,72.39,4.63
358,waipawa,0,NZ,1578258000,36,-39.94,176.59,69.15,21.3
359,curumani,26,CO,1578258000,53,9.20,-73.54,81.90,2.98
360,tautira,80,PF,1578258000,78,-17.73,-149.15,83.50,10.83
361,independencia,93,MX,1578258000,68,20.06,-97.05,66.27,4.5
362,humaita,0,AR,1578258000,40,-24.93,-65.37,87.13,6.58
363,mantua,0,IT,1578258000,87,45.16,10.79,41.27,6.64
364,nome,0,US,1578258000,49,30.04,-94.42,72.37,8.5
365,sayansk,80,RU,1578258000,91,54.11,102.18,4.75,4.94
366,sitarganj,100,IN,1578258000,64,28.92,79.70,50.05,2.84
367,ozernovskiy,85,RU,1578258000,80,51.50,156.52,29.41,37.58
368,caravelas,94,BR,1578258000,84,-17.73,-39.27,79.48,8.79
369,hofn,100,IS,1578258000,74,64.25,-15.21,43.52,12.55
370,chachapoyas,32,PE,1578258000,73,-6.23,-77.87,66.02,5.32
371,tommot,100,RU,1578258000,95,58.97,126.27,12.74,3.6
372,peleduy,100,RU,1578258000,93,59.63,112.75,13.48,13.38
373,palmer,1,AU,1578258000,65,-34.85,139.16,59.56,2.48
374,sertanopolis,12,BR,1578258000,77,-23.06,-51.04,81.32,1.97
375,rumonge,100,BI,1578258000,82,-3.97,29.44,66.97,4.83
376,nizhneudinsk,100,RU,1578258000,84,54.91,99.03,17.22,4.68
377,yebaishou,100,CN,1578258000,96,41.40,119.64,23.47,6.91
378,beyneu,76,KZ,1578258000,75,45.32,55.19,27.82,4.76
379,kulynychi,99,UA,1578258000,90,49.98,36.38,31.42,7.25
380,lagoa,0,PT,1578258000,73,37.14,-8.45,56.86,7.34
381,nazret,0,ET,1578258000,51,8.55,39.27,65.50,4.68
382,fuyu,100,CN,1578258000,95,47.79,124.46,7.23,6.98
383,gat,0,SN,1578258000,10,14.69,-16.54,71.80,10.58
384,takestan,0,IR,1578258000,63,36.07,49.69,31.53,6.98
385,dingli,100,IN,1578258000,52,28.39,75.51,56.16,7.74
386,zhangye,100,CN,1578258000,60,38.94,100.46,20.01,1.7
387,roald,100,NO,1578258000,85,62.58,6.12,45.16,17.78
388,ugoofaaru,3,MV,1578258000,80,5.67,73.00,81.90,12.57
389,maniitsoq,100,GL,1578258000,98,65.42,-52.90,9.97,36.26
390,gizo,1,IL,1578258000,71,31.80,34.94,50.36,11.92
391,kirensk,73,RU,1578258000,96,57.78,108.12,4.12,7.25
392,gardiner,0,US,1578258000,70,44.23,-69.78,27.23,9.73
393,ploemeur,0,FR,1578258000,81,47.73,-3.43,47.14,16.6
394,coquimbo,0,CL,1578258000,86,-29.95,-71.34,67.15,16.71
395,khonsa,75,IN,1578258000,96,26.99,95.51,47.44,2.39
396,ipswich,32,AU,1578258000,66,-27.62,152.76,78.06,5.73
397,muncar,100,ID,1578258000,82,-8.43,114.34,81.61,9.89
398,parabel,96,RU,1578258000,95,58.71,81.50,12.47,7.23
399,ayagoz,0,KZ,1578258000,79,47.96,80.43,7.12,7.25
400,nemuro,49,JP,1578258000,66,43.32,145.57,26.94,25.9
401,dabeiba,98,CO,1578258000,85,7.00,-76.27,77.25,2.98
402,haradok,37,BY,1578258000,86,55.46,29.99,26.80,5.53
403,rassvet,100,RU,1578258000,83,49.11,45.47,33.51,6.38
404,ucluelet,0,CA,1578258000,60,48.94,-125.55,44.96,19.69
405,bozeman,100,US,1578258000,67,45.68,-111.04,30.06,1.88
406,mazamari,100,PE,1578258000,97,-11.33,-74.53,68.90,2.68
407,kiama,100,AU,1578258000,77,-34.67,150.86,68.94,14.72
408,kapit,100,MY,1578258000,99,2.02,112.94,72.54,1.5
409,aitape,100,PG,1578258000,77,-3.15,142.36,82.92,10.54
410,grindavik,100,IS,1578258000,74,63.84,-22.43,39.74,12.26
411,westport,9,US,1578258000,54,41.14,-73.36,38.57,17.6
412,tilichiki,0,RU,1578258000,63,60.47,166.10,-11.27,6.96
413,canmore,35,CA,1578258000,89,51.09,-115.35,34.20,8.19
414,zhigansk,100,RU,1578258000,94,66.77,123.37,-10.32,15.64
415,livenka,100,RU,1578258000,98,50.74,40.23,33.04,3.18
416,uray,75,RU,1578258000,94,60.13,64.80,18.66,7.36
417,inza,94,RU,1578258000,95,53.86,46.36,22.50,2.04
418,huangmei,99,CN,1578258000,91,30.10,115.95,56.10,7.85
419,xichang,100,CN,1578258000,96,27.88,102.25,37.17,10.4
420,padang,13,ID,1578258000,85,-0.92,100.36,68.95,6.17
421,altamont,0,CA,1578258000,77,49.40,-98.50,27.84,18.77
422,guangyuan,87,CN,1578258000,76,32.43,105.86,39.92,6.29
423,naze,82,NG,1578258000,66,5.43,7.07,76.42,4.21
424,cap-aux-meules,100,CA,1578258000,86,47.38,-61.86,28.62,36.17
425,khasan,45,RU,1578258000,81,42.43,130.64,18.12,3.87
426,george,100,MW,1578258000,92,-15.35,34.83,68.52,1.72
427,saryg-sep,0,RU,1578258000,94,51.49,95.55,-12.66,0.85
428,kardla,100,EE,1578258000,65,58.44,26.57,28.27,6.38
429,kutum,0,SD,1578258000,26,14.20,24.66,55.96,6.17
430,itarema,67,BR,1578258000,76,-2.92,-39.92,79.92,8.81
431,benidorm,0,ES,1578258000,68,38.54,-0.13,56.70,8.19
432,srandakan,15,ID,1578258000,87,-7.94,110.25,74.89,3.09
433,morehead,0,US,1578258000,63,38.18,-83.43,45.81,10.58
434,pinhao,0,BR,1578258000,75,-25.70,-51.66,72.07,0.72
435,necochea,92,AR,1578258000,73,-38.55,-58.74,70.52,19.33
436,lufilufi,16,WS,1578258000,75,-13.87,-171.60,80.82,8.57
437,biedenkopf,100,DE,1578258000,94,50.92,8.53,38.12,4.63
438,dangara,100,IN,1578258000,49,29.68,75.89,54.12,4.85
439,eureka,76,US,1578258000,86,40.80,-124.16,53.13,3.15
440,callaway,67,US,1578258000,81,46.98,-95.91,24.80,15.19
441,buraydah,0,SA,1578258000,33,26.33,43.97,51.84,6.58
442,ulagan,0,RU,1578258000,78,50.63,87.96,-1.21,6.42
443,broome,70,GB,1578258000,88,52.47,1.45,43.93,10.58
444,hailar,100,CN,1578258000,91,49.20,119.70,11.48,2.28
445,sorland,100,NO,1578258000,81,67.67,12.69,42.84,20.11
446,chihuahua,0,MX,1578258000,16,28.66,-106.08,69.30,5.97
447,muslyumovo,99,RU,1578258000,95,55.31,53.19,20.21,5.88
448,kolokani,5,ML,1578258000,13,13.58,-8.03,66.52,8.3
449,gwadar,77,PK,1578258000,72,25.12,62.33,72.99,12.53
450,alexandria,66,RO,1578258000,92,43.97,25.33,34.20,4.97
451,russell,0,US,1578258000,40,38.90,-98.86,48.87,9.86
452,tornio,100,FI,1578258000,59,61.12,27.27,23.81,7.87
453,college,95,US,1578258000,96,64.86,-147.80,-22.34,1.25
454,washington,14,US,1578258000,46,38.90,-77.04,41.34,10.25
455,quelimane,95,MZ,1578258000,81,-17.88,36.89,81.57,4.99
456,kokopo,81,PG,1578258000,76,-4.34,152.27,82.35,3.31
457,nesbyen,82,NO,1578258000,88,60.57,9.10,29.23,3.22
458,tripoli,100,GR,1578258000,98,37.51,22.37,38.39,14.05
459,joshimath,56,IN,1578258000,42,30.57,79.57,26.56,7.94
460,batticaloa,9,LK,1578258000,93,7.71,81.69,72.72,0.65
461,kavaratti,0,IN,1578258000,63,10.57,72.64,79.97,3.85
462,tigil,0,RU,1578258000,73,57.80,158.67,5.47,4.21
463,havoysund,100,NO,1578258000,56,71.00,24.66,30.18,15.84
464,tarauaca,11,BR,1578258000,46,-8.16,-70.77,91.13,5.37
465,patiya,0,BD,1578258000,92,22.30,91.98,58.37,3.18
466,abrau-dyurso,100,RU,1578258000,69,44.70,37.60,50.00,9.1
467,bira,0,RU,1578258000,91,49.00,132.47,-3.15,0.87
468,novoagansk,100,RU,1578258000,94,61.94,76.66,23.70,15.35
469,pirassununga,55,BR,1578258000,86,-22.00,-47.43,81.18,4.63
470,youkounkoun,0,GN,1578258000,9,12.53,-13.12,74.23,5.17
471,gijon,0,ES,1578258000,91,43.54,-5.66,43.41,3.11
472,jiexiu,81,CN,1578258000,96,37.02,111.92,23.81,1.32
473,bonfim,0,GY,1578258000,28,3.36,-59.84,96.06,8.77
